{
  "IcoMoonType": "selection",
  "icons": [
    {
      "icon": {
        "paths": [
          "M1024 511.29c0 282.63-230.080 512.71-512.71 512.71s-511.29-230.080-511.29-512.71c0-282.63 228.66-511.29 511.29-511.29s512.71 228.66 512.71 511.29zM985.653 511.29c0-261.326-211.617-472.943-474.363-472.943-261.326 0-472.943 211.617-472.943 472.943 0 262.746 211.617 474.363 472.943 474.363 262.746 0 474.363-211.617 474.363-474.363z"
        ],
        "attrs": [
          {
            "fill": "rgb(254, 254, 254)"
          }
        ],
        "isMulticolor": false,
        "isMulticolor2": false,
        "grid": 0,
        "tags": [
          "circle"
        ]
      },
      "attrs": [
        {
          "fill": "rgb(254, 254, 254)"
        }
      ],
      "properties": {
        "order": 26,
        "id": 0,
        "name": "circle",
        "prevSize": 32
      },
      "setIdx": 0,
      "setId": 2,
      "iconIdx": 0
    }
  ],
  "height": 1024,
  "preferences": {
    "showGlyphs": true,
    "showQuickUse": true,
    "showQuickUse2": true,
    "showSVGs": true,
    "fontPref": {
      "prefix": "icon-",
      "metadata": {
        "fontFamily": "icomoon"
      },
      "metrics": {
        "emSize": 1024,
        "baseline": 6.25,
        "whitespace": 50
      },
      "embed": false
    },
    "imagePref": {
      "prefix": "icon-",
      "png": true,
      "useClassSelector": true,
      "color": 0,
      "bgColor": 16777215,
      "classSelector": ".icon",
      "name": "icomoon"
    },
    "historySize": 50,
    "showCodes": true,
    "gridSize": 16
  }
}